,Id,SalePrice
0,1461,127516.51624876645
1,1462,168502.42355261298
2,1463,181808.16151505907
3,1464,187739.83126338938
4,1465,199715.63737582724
5,1466,170582.61925838538
6,1467,171104.46017390175
7,1468,161748.76400449872
8,1469,191766.1258308526
9,1470,110039.19680079837
10,1471,219549.90799030315
11,1472,112017.58369062607
12,1473,107895.45895807471
13,1474,153704.0130516726
14,1475,117323.71710300553
15,1476,335956.00530761835
16,1477,242876.14717858267
17,1478,271559.5960630037
18,1479,261227.84112603782
19,1480,419387.6073060463
20,1481,284434.98233188817
21,1482,217014.78723834956
22,1483,191932.46416387078
23,1484,174038.0192729067
24,1485,205282.0112738144
25,1486,209531.9459545358
26,1487,286677.41076967015
27,1488,242013.20744046965
28,1489,189175.17098169963
29,1490,229952.51076738807
30,1491,210552.78799181344
31,1492,94369.35060602723
32,1493,188881.99395337183
33,1494,280897.99001693405
34,1495,286781.8344814686
35,1496,232788.16048458326
36,1497,183293.7213856675
37,1498,174058.7674784334
38,1499,174151.38050574414
39,1500,161915.9790395827
40,1501,184819.23637578392
41,1502,166322.01849222434
42,1503,271443.5392714676
43,1504,243417.88462210086
44,1505,228493.87578746898
45,1506,187108.78887823867
46,1507,243058.16315135238
47,1508,216505.00778316482
48,1509,157573.8154419211
49,1510,144463.96799353784
50,1511,154454.37591084914
51,1512,165483.41844100956
52,1513,150095.89848979018
53,1514,194389.71509242046
54,1515,217683.785023729
55,1516,172040.53154945307
56,1517,174862.31507700967
57,1518,143141.91288874493
58,1519,239886.48565525428
59,1520,133093.3561791794
60,1521,141957.0674804365
61,1522,183568.90247147065
62,1523,93198.7441320729
63,1524,108597.08480473064
64,1525,120626.89326560225
65,1526,122835.91143744052
66,1527,91690.97208108366
67,1528,146269.2161390006
68,1529,132330.9907876359
69,1530,182380.28645507692
70,1531,133209.92846034563
71,1532,104729.1232741764
72,1533,128825.88932269649
73,1534,136016.67483704892
74,1535,171133.5399085813
75,1536,114443.13115370338
76,1537,65997.39129176068
77,1538,198751.07512144488
78,1539,228581.0703295259
79,1540,137139.83980073142
80,1541,162553.75295353244
81,1542,153407.86714971074
82,1543,200374.20883168487
83,1544,60195.29096845958
84,1545,118935.74049072718
85,1546,144736.10036606828
86,1547,139164.97910965158
87,1548,132711.02512548046
88,1549,118589.70160545997
89,1550,141221.01679632033
90,1551,144534.02596502047
91,1552,141233.0458571514
92,1553,173021.32951337498
93,1554,121482.80333482777
94,1555,182036.75473824926
95,1556,99759.19048007583
96,1557,167929.94378267782
97,1558,107819.14503189907
98,1559,94666.05332913788
99,1560,150140.83220397652
100,1561,177929.2056107299
101,1562,118857.55071580541
102,1563,114039.22477277552
103,1564,178387.16800077003
104,1565,156458.95128954086
105,1566,257298.5986963315
106,1567,69161.8678753057
107,1568,228536.0150008428
108,1569,143859.13852011625
109,1570,142527.13098806344
110,1571,112488.82136201583
111,1572,147226.32613184548
112,1573,267047.78749579494
113,1574,126279.013342432
114,1575,244315.09125987362
115,1576,246073.27052489482
116,1577,191490.13661927992
117,1578,158654.58633826082
118,1579,144577.94070124338
119,1580,202026.9375485439
120,1581,152684.88532652135
121,1582,117921.47771601041
122,1583,307573.8628844962
123,1584,232990.80703545772
124,1585,160072.1460088723
125,1586,49142.3069546215
126,1587,90394.70376297123
127,1588,145951.9221091804
128,1589,92986.76513433454
129,1590,142786.04032157216
130,1591,70202.00428799317
131,1592,118956.7680276391
132,1593,124319.92566504415
133,1594,126093.6226802092
134,1595,127896.54907460895
135,1596,245492.2282678659
136,1597,197685.09376864528
137,1598,196682.40114004625
138,1599,203713.3111456552
139,1600,194974.24165261912
140,1601,36149.98429018381
141,1602,136430.51368350055
142,1603,118799.81320358823
143,1604,253144.96850330674
144,1605,264975.1936443419
145,1606,169804.32749504375
146,1607,195786.21596786295
147,1608,216242.75049463232
148,1609,191523.5477371908
149,1610,133908.74851175706
150,1611,148198.12385509387
151,1612,153378.93699553737
152,1613,161395.36477298193
153,1614,122595.74859098796
154,1615,69837.89168195649
155,1616,66115.66043988995
156,1617,84009.08540630738
157,1618,119519.9176916838
158,1619,122612.22129447629
159,1620,181889.6346302763
160,1621,146303.4848312983
161,1622,142239.51999698742
162,1623,273075.0694810786
163,1624,232606.0746093642
164,1625,140268.67257092177
165,1626,189914.77353586696
166,1627,194154.25052751106
167,1628,286103.8885884195
168,1629,178193.3010546368
169,1630,310935.7489055086
170,1631,193617.4344833063
171,1632,236457.10744511464
172,1633,192284.2076952743
173,1634,200626.53446220918
174,1635,178335.6431073552
175,1636,151328.35858039767
176,1637,180232.8636341093
177,1638,201524.61931587465
178,1639,183881.9232910986
179,1640,237668.83579232957
180,1641,193815.97367739843
181,1642,230440.55859107056
182,1643,232935.64405834736
183,1644,237396.526162711
184,1645,196679.67579675076
185,1646,173073.84691770087
186,1647,181465.9040302939
187,1648,120414.13347827917
188,1649,125364.24976855132
189,1650,109196.35551069851
190,1651,110153.01964967689
191,1652,115061.44337247525
192,1653,110987.53165150937
193,1654,154080.85853966372
194,1655,150771.9386823198
195,1656,151185.81520739614
196,1657,155083.80261447345
197,1658,168812.08484245342
198,1659,134870.76165661425
199,1660,177667.16644150947
200,1661,409831.73413689353
201,1662,325220.18231087865
202,1663,358362.50463944545
203,1664,435405.54589299037
204,1665,311169.0326505513
205,1666,314957.41554674244
206,1667,330528.692011096
207,1668,340351.4126474594
208,1669,278420.8424477553
209,1670,346123.99810981576
210,1671,268968.7366483025
211,1672,369036.0967304986
212,1673,276876.14556932106
213,1674,244811.701038918
214,1675,205700.7945589453
215,1676,201530.2998321377
216,1677,228603.8604073116
217,1678,426835.422804517
218,1679,319105.5758928155
219,1680,320202.91266388155
220,1681,279814.40046913753
221,1682,291599.74583003565
222,1683,194299.93887676377
223,1684,206133.80771012756
224,1685,185391.01398731014
225,1686,181082.79909786838
226,1687,187363.66560817152
227,1688,207786.67745836137
228,1689,208004.5651103565
229,1690,220065.26379152283
230,1691,206597.5121739544
231,1692,269355.5714026965
232,1693,188549.92021156792
233,1694,181002.68431947933
234,1695,167035.60900192297
235,1696,277939.7547692366
236,1697,167218.72457560714
237,1698,326852.45675499825
238,1699,279057.4335141466
239,1700,249622.4735921594
240,1701,273641.3420379713
241,1702,247988.22696978407
242,1703,245534.2916420662
243,1704,283788.060807465
244,1705,235303.11559843432
245,1706,405525.00295582763
246,1707,197973.3696181503
247,1708,202083.73818080703
248,1709,267006.0236292923
249,1710,225699.23010599776
250,1711,264846.35591969587
251,1712,245144.09738635807
252,1713,267171.8292137667
253,1714,222838.79055597828
254,1715,210534.04384608674
255,1716,192065.34743141907
256,1717,183779.54634754168
257,1718,126466.31004912563
258,1719,211110.01330300153
259,1720,244736.03878179303
260,1721,193696.42677402945
261,1722,121950.9070117704
262,1723,161996.35403852814
263,1724,206836.60449649
264,1725,249557.4417338714
265,1726,181303.69685098715
266,1727,168211.54212521765
267,1728,192617.5091200071
268,1729,156960.87158353179
269,1730,169124.69386021016
270,1731,110539.7534640299
271,1732,127790.64442024229
272,1733,124004.0250203379
273,1734,119349.54815818957
274,1735,145831.6272332531
275,1736,102479.86352684352
276,1737,311736.4750137648
277,1738,238269.9580737791
278,1739,258758.92421954742
279,1740,196656.2390171822
280,1741,199961.77127369936
281,1742,176480.34875174204
282,1743,196344.2028452131
283,1744,317290.6250803089
284,1745,218479.57843233852
285,1746,220218.39537117298
286,1747,220346.2957005088
287,1748,206904.35972806174
288,1749,152599.3560984041
289,1750,157063.0294848847
290,1751,234738.64963327063
291,1752,115538.46115222943
292,1753,139905.64242547352
293,1754,218440.52908129527
294,1755,191010.4618337971
295,1756,111684.72586205504
296,1757,106304.18696707765
297,1758,143446.04920151542
298,1759,163433.91060146753
299,1760,157119.1992648225
300,1761,172351.39339616927
301,1762,169339.19026074794
302,1763,170920.0196452007
303,1764,104841.14151010397
304,1765,208098.49250622658
305,1766,192477.84925145042
306,1767,226659.21437577857
307,1768,153823.17914052098
308,1769,190598.67762435102
309,1770,170057.01064228715
310,1771,123497.38220244995
311,1772,124872.97126472197
312,1773,119480.74556847544
313,1774,162505.08035550988
314,1775,134088.12689678173
315,1776,116215.42337843296
316,1777,104490.20238455599
317,1778,155919.67123910127
318,1779,103977.40486236653
319,1780,195858.79591007094
320,1781,120557.2692092261
321,1782,55359.768698395244
322,1783,144069.71391728392
323,1784,109325.28751670296
324,1785,104421.39429319293
325,1786,130593.51726876848
326,1787,190512.49696536548
327,1788,51753.21705763317
328,1789,94337.74191067001
329,1790,67330.95629822346
330,1791,218472.14794519613
331,1792,154010.19694846825
332,1793,207177.13642462867
333,1794,176777.25778533774
334,1795,140273.65094562375
335,1796,112899.93955346955
336,1797,147225.25988032244
337,1798,103814.70937063138
338,1799,98540.46138985052
339,1800,106926.77078223573
340,1801,118600.19366248173
341,1802,143365.14401767644
342,1803,157497.99588020743
343,1804,136482.67373728723
344,1805,150488.98556481276
345,1806,133351.13843729315
346,1807,182131.03793762112
347,1808,131496.3147123623
348,1809,138456.99119589236
349,1810,134789.86352996144
350,1811,125151.82090660266
351,1812,100335.01071776892
352,1813,121597.48099419546
353,1814,75264.80996570205
354,1815,8757.129507546226
355,1816,109707.0821201353
356,1817,133713.5032457835
357,1818,151000.453943572
358,1819,132258.90522994855
359,1820,58039.90052559487
360,1821,151242.13722495586
361,1822,169570.4487126159
362,1823,34295.692390727374
363,1824,121119.80047435459
364,1825,121157.88560421154
365,1826,100920.99808628557
366,1827,103939.92102194286
367,1828,126358.1942808516
368,1829,135609.67716538906
369,1830,159538.149186706
370,1831,167419.62088239053
371,1832,124423.50832951858
372,1833,155242.67933202232
373,1834,135288.6058497053
374,1835,168003.26154282116
375,1836,128492.69818921265
376,1837,83918.52080728962
377,1838,144890.95880983636
378,1839,69892.7422524863
379,1840,142082.03756600432
380,1841,150100.67712388572
381,1842,99192.04236975065
382,1843,148134.34001156042
383,1844,137723.94675442972
384,1845,143456.20168690197
385,1846,169047.07399653384
386,1847,152156.77383043375
387,1848,15006.538900062646
388,1849,91744.35322588866
389,1850,113480.51341704905
390,1851,150547.36191215372
391,1852,113245.16545176109
392,1853,137623.5567701629
393,1854,186266.50559804623
394,1855,178990.68960645003
395,1856,232915.22986772115
396,1857,198347.0875906032
397,1858,146003.38790072117
398,1859,109320.18359680976
399,1860,172070.72683710733
400,1861,108932.49753380362
401,1862,276498.7044796016
402,1863,269424.7115707911
403,1864,269491.5496038927
404,1865,342042.91182628676
405,1866,341170.7437319305
406,1867,236298.31406692267
407,1868,291632.0429908275
408,1869,223097.95425731782
409,1870,239974.90314609703
410,1871,243991.36719022295
411,1872,189200.67248921096
412,1873,257164.48258189298
413,1874,138883.01659154828
414,1875,208711.41573178873
415,1876,192511.791970751
416,1877,233887.60964669698
417,1878,215462.1951308503
418,1879,132790.74475497476
419,1880,125519.35046953688
420,1881,260532.00091459413
421,1882,256372.1207495685
422,1883,202250.05133528914
423,1884,212461.98622694195
424,1885,265543.14848815976
425,1886,282174.89568128524
426,1887,235538.21859491628
427,1888,282380.2807965167
428,1889,183951.70793360053
429,1890,118855.66038375397
430,1891,145534.7967947487
431,1892,86455.86072559323
432,1893,140650.276972859
433,1894,137810.17509470863
434,1895,150471.6953537063
435,1896,137843.4920740045
436,1897,147662.67309200286
437,1898,118531.94595873627
438,1899,163056.3659563448
439,1900,148985.64785881803
440,1901,168670.03047952964
441,1902,144408.37340311095
442,1903,219044.32596948527
443,1904,120906.3752213011
444,1905,169083.54191944475
445,1906,159976.19334850053
446,1907,210072.58807097262
447,1908,122432.41387958062
448,1909,144066.06418390918
449,1910,129010.50950611614
450,1911,185069.4651048434
451,1912,275859.6996223677
452,1913,156249.57454621408
453,1914,57209.94569775833
454,1915,295670.297670949
455,1916,82686.00459068055
456,1917,259364.5315055672
457,1918,150385.1839414818
458,1919,174164.04788973564
459,1920,154434.89879788345
460,1921,375851.27322019124
461,1922,335428.33148711885
462,1923,193484.76103557958
463,1924,226987.2217877757
464,1925,216427.28740354438
465,1926,366407.8498600748
466,1927,132487.87423568754
467,1928,171235.649119861
468,1929,112355.02887938109
469,1930,120327.68983541445
470,1931,145660.93840883195
471,1932,139847.6875306734
472,1933,193141.59957641686
473,1934,187884.96039680933
474,1935,174099.61731717683
475,1936,185020.27142664147
476,1937,182881.53352263963
477,1938,181327.46665243822
478,1939,240394.49404005276
479,1940,193126.3179862241
480,1941,175040.9257804702
481,1942,185189.68420128047
482,1943,211171.13260976668
483,1944,277447.4372736352
484,1945,352268.87852210266
485,1946,208271.0864958535
486,1947,316227.83730484545
487,1948,229914.8216204851
488,1949,241011.60250131803
489,1950,208307.82838803655
490,1951,283769.6562735019
491,1952,244279.99562203407
492,1953,187611.51310383913
493,1954,191237.71541550354
494,1955,134123.1464275294
495,1956,315012.71417228645
496,1957,159140.6410113149
497,1958,303253.06705746474
498,1959,146326.09846448843
499,1960,93457.72285013123
500,1961,110678.12793032045
501,1962,118799.44750867749
502,1963,122630.63859230088
503,1964,113917.59507394039
504,1965,143268.32112353542
505,1966,142145.02778190208
506,1967,270530.7396300084
507,1968,333552.58800204465
508,1969,357733.5414476818
509,1970,348346.7233469287
510,1971,408587.8047396179
511,1972,330134.65121394896
512,1973,297753.27477364475
513,1974,289494.55916175403
514,1975,426170.5383115809
515,1976,275551.1735087896
516,1977,330880.4492611191
517,1978,295962.01274129923
518,1979,325852.7794339354
519,1980,209776.57351545471
520,1981,342672.6074689499
521,1982,237354.92707805714
522,1983,216595.14048275657
523,1984,185644.12699347478
524,1985,229880.9568606335
525,1986,234397.04314643037
526,1987,181840.7946273973
527,1988,188746.04460725788
528,1989,206853.77845298787
529,1990,224633.00325093797
530,1991,223173.7218261358
531,1992,236991.23214423348
532,1993,193685.73857896464
533,1994,259552.2526724708
534,1995,184872.30942760446
535,1996,263507.4437341233
536,1997,278085.65566938143
537,1998,304068.79517316795
538,1999,274255.44711379847
539,2000,277182.6348829293
540,2001,251849.54460022826
541,2002,256531.46828809727
542,2003,251402.74325515897
543,2004,272146.75833229744
544,2005,241551.45959516097
545,2006,213134.9543864185
546,2007,245232.80424785463
547,2008,210482.9764756081
548,2009,191983.18072770993
549,2010,211812.95358054753
550,2011,143950.76366494535
551,2012,186651.62922681984
552,2013,187647.96427612827
553,2014,199127.41146209778
554,2015,220935.7432623451
555,2016,200144.96330783432
556,2017,209689.96775453482
557,2018,117678.14840039922
558,2019,139781.00487831022
559,2020,118284.59184765277
560,2021,105507.34594541501
561,2022,206464.61026888917
562,2023,149650.70774883154
563,2024,251474.80992648308
564,2025,317319.39575072133
565,2026,176672.79107254598
566,2027,163009.58060038654
567,2028,177538.05309082198
568,2029,159534.78923519683
569,2030,260658.21040141425
570,2031,248160.4211636064
571,2032,250537.46638686542
572,2033,259432.70240844844
573,2034,189365.57464368973
574,2035,219648.46629035118
575,2036,222984.97768462458
576,2037,228938.28463603836
577,2038,316442.5055937647
578,2039,221658.72457810072
579,2040,331056.63100101706
580,2041,303930.9843264399
581,2042,212374.97309553315
582,2043,176602.78952074595
583,2044,185999.49094691462
584,2045,214130.4315993579
585,2046,145990.89273016062
586,2047,148280.49562282834
587,2048,146791.06474418778
588,2049,160776.214260603
589,2050,191720.15698524407
590,2051,84333.93248654083
591,2052,115490.48365243984
592,2053,138103.17793654013
593,2054,71014.43945329398
594,2055,187131.42653188607
595,2056,126309.74780567207
596,2057,114716.06108396148
597,2058,236874.35838784237
598,2059,145038.02005739856
599,2060,165478.75659066867
600,2061,184511.1975283421
601,2062,131195.47308867413
602,2063,96879.80983761167
603,2064,135496.89484636005
604,2065,125312.81397028903
605,2066,171940.0235055904
606,2067,110340.18529543752
607,2068,159378.07386604339
608,2069,58996.57290148505
609,2070,102670.64206359371
610,2071,100075.32429383877
611,2072,161304.84512099982
612,2073,137067.08634014914
613,2074,198034.45220626314
614,2075,161390.70849217146
615,2076,121156.23919842199
616,2077,128815.78569718904
617,2078,118927.9580713099
618,2079,139347.60546373803
619,2080,107235.23158246446
620,2081,139758.55691131295
621,2082,133544.3548984084
622,2083,133690.94471925744
623,2084,89737.61038140603
624,2085,107761.46239950796
625,2086,123764.54796144585
626,2087,126563.34184666605
627,2088,112537.97262812118
628,2089,75682.31861775416
629,2090,161294.07600825548
630,2091,124921.13532336756
631,2092,118204.82029768903
632,2093,170861.54112159746
633,2094,157408.4582000829
634,2095,188546.70545524455
635,2096,73040.15030211552
636,2097,94436.64110139881
637,2098,154224.52447050656
638,2099,13823.338012243796
639,2100,73524.84215898636
640,2101,145990.880994492
641,2102,144674.38390909735
642,2103,105188.04513342046
643,2104,162621.676561166
644,2105,131902.3304464642
645,2106,95687.75029801842
646,2107,220776.77413713612
647,2108,110434.82732947983
648,2109,97731.80524429648
649,2110,144206.50372581248
650,2111,146903.33029769408
651,2112,129509.42274770873
652,2113,126426.65772270448
653,2114,124431.82320972974
654,2115,164225.75318308792
655,2116,116774.99932656408
656,2117,151336.79440098887
657,2118,136200.6062171966
658,2119,105336.46024559812
659,2120,121830.61799648176
660,2121,88550.58416854222
661,2122,91006.21438523095
662,2123,76151.10012148693
663,2124,178262.0787174085
664,2125,140297.90145233003
665,2126,165058.57936234027
666,2127,173916.28623116043
667,2128,146006.1351099153
668,2129,122561.31004962345
669,2130,149233.6973502699
670,2131,152614.72694105303
671,2132,124038.29613467384
672,2133,128246.48158326582
673,2134,136572.96156400657
674,2135,104502.60151010822
675,2136,110914.39653680903
676,2137,131669.88882711396
677,2138,137371.8606092948
678,2139,164591.14173433254
679,2140,139286.63837883552
680,2141,139939.09030668339
681,2142,120677.08063473564
682,2143,122897.75433821414
683,2144,159666.2808782014
684,2145,132635.8820047495
685,2146,165740.3977736281
686,2147,178541.17792421597
687,2148,130638.30920438029
688,2149,144516.79696685035
689,2150,224789.50442404632
690,2151,129913.51175052034
691,2152,191491.92896323797
692,2153,156762.04570642769
693,2154,109249.92144894818
694,2155,171726.50221992648
695,2156,263408.8610181877
696,2157,249410.9465679587
697,2158,242422.7989163095
698,2159,213817.6179626701
699,2160,199015.20560402158
700,2161,245459.6349075684
701,2162,370525.08182438056
702,2163,354913.3235837375
703,2164,256170.26628372344
704,2165,163203.65192261417
705,2166,142384.57468672981
706,2167,215297.27212546492
707,2168,193673.36935014266
708,2169,212539.56050687266
709,2170,229974.51260397088
710,2171,143602.3927722153
711,2172,137453.06875503188
712,2173,138104.42033996215
713,2174,237204.35015039585
714,2175,295042.5712460204
715,2176,293897.61940706795
716,2177,244623.265099885
717,2178,235756.44933235255
718,2179,157532.9219035151
719,2180,231396.2796265114
720,2181,198596.0265687001
721,2182,220388.98496976995
722,2183,199057.81283983804
723,2184,127163.5828464974
724,2185,125582.13274397302
725,2186,168705.5040488012
726,2187,156186.67923820042
727,2188,160721.5028201682
728,2189,255555.42114286934
729,2190,51087.76982030396
730,2191,55671.68195374207
731,2192,76009.52973463688
732,2193,112098.28454851318
733,2194,96416.65272275796
734,2195,103440.00324120159
735,2196,76711.59109744514
736,2197,110529.95369673139
737,2198,154425.250515948
738,2199,184594.18881713747
739,2200,142678.97928747255
740,2201,150870.10533216412
741,2202,215724.59671605504
742,2203,155441.72073771196
743,2204,169257.15818015224
744,2205,109115.4315793616
745,2206,138688.15841114483
746,2207,218912.775746207
747,2208,224496.01639478008
748,2209,228058.6197146641
749,2210,132307.95442547998
750,2211,123945.09998793976
751,2212,124164.40145962682
752,2213,98758.76188022978
753,2214,170555.51128834192
754,2215,96498.73800325839
755,2216,150913.359786194
756,2217,65855.34745581937
757,2218,75635.78889449962
758,2219,78038.09836659342
759,2220,84464.61660694121
760,2221,296988.8951618787
761,2222,238656.48532431255
762,2223,277753.91215970996
763,2224,210650.82800826724
764,2225,130945.6306815858
765,2226,178721.30221955082
766,2227,212488.21344703305
767,2228,266075.52503801184
768,2229,257599.97471379698
769,2230,130694.88187716468
770,2231,210628.69149655662
771,2232,176971.33245124
772,2233,219184.94659188195
773,2234,254451.58939216257
774,2235,216377.70736443176
775,2236,269945.12250042625
776,2237,308771.8759239124
777,2238,224022.67936583274
778,2239,112428.5066695439
779,2240,156213.28046949403
780,2241,150553.50265926073
781,2242,132476.5708022802
782,2243,124310.25245970677
783,2244,95596.0973923687
784,2245,88076.3891755572
785,2246,148342.2985596947
786,2247,118943.84839909946
787,2248,107223.17164176125
788,2249,122993.64636968831
789,2250,137167.52967582262
790,2251,206078.67266458352
791,2252,194323.86393446557
792,2253,151074.48522399852
793,2254,165247.23682217227
794,2255,195055.33873346454
795,2256,198383.02466507236
796,2257,190944.30484029456
797,2258,162565.2186180212
798,2259,165628.95485483122
799,2260,178696.40370783137
800,2261,190284.6773738067
801,2262,222306.48893941395
802,2263,305235.08311931265
803,2264,465696.4747720972
804,2265,230410.8504876101
805,2266,265487.64920022734
806,2267,319647.82421904017
807,2268,364716.46709737636
808,2269,153432.20558474452
809,2270,213995.0035406131
810,2271,230773.92462186652
811,2272,218268.93582644727
812,2273,167982.09799890395
813,2274,184216.40141352842
814,2275,191940.80244720256
815,2276,184589.78242540493
816,2277,196521.57651374425
817,2278,147173.18903644092
818,2279,113394.04056281789
819,2280,100744.9712807015
820,2281,172860.10597054314
821,2282,209938.46742449704
822,2283,124637.99406335299
823,2284,121381.073961543
824,2285,143348.987386469
825,2286,121507.06299339453
826,2287,342285.8708990455
827,2288,254295.67990323843
828,2289,313274.1941428904
829,2290,388273.56573450105
830,2291,283927.7501093105
831,2292,391142.26456986705
832,2293,408650.8288645515
833,2294,311394.18802255974
834,2295,418347.5565469673
835,2296,268191.39691325417
836,2297,323664.9809852345
837,2298,319248.6381879351
838,2299,310348.98010564747
839,2300,300285.76798468165
840,2301,270185.5492648112
841,2302,253304.4424098275
842,2303,233835.46242773565
843,2304,242705.32557996988
844,2305,199726.8481936095
845,2306,203912.60919395753
846,2307,202625.58623179523
847,2308,222929.06040435977
848,2309,307588.85600481724
849,2310,215413.42431863706
850,2311,220097.9521659904
851,2312,193899.14023994253
852,2313,186725.2929140429
853,2314,178070.82675321438
854,2315,186717.3722744403
855,2316,192591.51624477675
856,2317,182778.63830725907
857,2318,175454.86861083077
858,2319,190294.39253429358
859,2320,186745.09396203092
860,2321,249154.76676318448
861,2322,186351.84429959382
862,2323,206265.82117010438
863,2324,200755.59952873178
864,2325,212876.49353805097
865,2326,195754.25981746023
866,2327,217793.04137351993
867,2328,234966.754323121
868,2329,186560.47262182395
869,2330,172938.41431801187
870,2331,325174.94264878624
871,2332,325166.9052873019
872,2333,302337.52772101865
873,2334,245648.31438730162
874,2335,264556.8408597278
875,2336,308344.5454161109
876,2337,196464.1968368547
877,2338,275043.7782701715
878,2339,233222.9622932099
879,2340,385911.1887395879
880,2341,211364.622345013
881,2342,239908.83031460058
882,2343,235367.63423459837
883,2344,218353.9780334419
884,2345,238524.46655526437
885,2346,212008.1047348215
886,2347,195542.5437689682
887,2348,236514.7991570242
888,2349,172499.94056212835
889,2350,275394.6445653181
890,2351,272364.47873339674
891,2352,242326.1586293243
892,2353,242093.72643987736
893,2354,127897.91384993766
894,2355,162298.96612130554
895,2356,179885.9944517478
896,2357,202183.29038000116
897,2358,205166.55086520695
898,2359,143516.2917962813
899,2360,102304.50858759768
900,2361,137361.08697302
901,2362,276814.42964644404
902,2363,137499.35160607653
903,2364,181347.73893864863
904,2365,232662.56940393784
905,2366,190342.58597035112
906,2367,205927.98587975348
907,2368,212554.74184668067
908,2369,209921.97059479132
909,2370,167812.4715685709
910,2371,171312.02658563392
911,2372,189576.2840877821
912,2373,274414.4963795132
913,2374,298710.9197572543
914,2375,229291.42278191936
915,2376,286673.890250846
916,2377,325990.8229953271
917,2378,137583.9589766928
918,2379,212944.50437547738
919,2380,158577.31948936873
920,2381,176223.74580548314
921,2382,192625.1972250585
922,2383,189149.19162038268
923,2384,250853.77945323332
924,2385,165418.6163542504
925,2386,145843.90337186476
926,2387,123222.34149360671
927,2388,92326.57022085942
928,2389,124720.84657973307
929,2390,137758.30738425805
930,2391,142414.39016736287
931,2392,98592.62514754519
932,2393,178576.46115498611
933,2394,141512.21301420208
934,2395,202289.59363956473
935,2396,150366.56302000803
936,2397,230433.9125303535
937,2398,123704.33353197621
938,2399,78672.50373703444
939,2400,28442.464984991646
940,2401,103490.56767091063
941,2402,120714.29648983978
942,2403,152781.16806106607
943,2404,139368.11695286125
944,2405,166699.18567265972
945,2406,146208.25958518303
946,2407,125177.8922500198
947,2408,127606.59484277901
948,2409,121557.59182114285
949,2410,201531.44074449997
950,2411,113789.91556924998
951,2412,158422.12773419273
952,2413,120372.2481536803
953,2414,133953.64439248672
954,2415,141134.85492320097
955,2416,134261.84713400013
956,2417,121368.09802275308
957,2418,112506.83975414012
958,2419,116690.19250231248
959,2420,136537.82664470532
960,2421,125131.6350274084
961,2422,123771.10699255732
962,2423,140127.6111727928
963,2424,154171.95179430168
964,2425,229110.98333520518
965,2426,151869.38567690656
966,2427,123854.74360624822
967,2428,189027.76397434226
968,2429,102814.26633235208
969,2430,142587.00106590596
970,2431,121555.19710130381
971,2432,130718.46885775858
972,2433,134107.11151606627
973,2434,132938.03525216156
974,2435,164570.8107686366
975,2436,86602.54898718218
976,2437,96504.90926946848
977,2438,125482.26851594594
978,2439,127970.9484281484
979,2440,135330.6607607572
980,2441,112912.88008342593
981,2442,101602.31182362854
982,2443,117063.12752212754
983,2444,139822.25475528682
984,2445,74823.25696253311
985,2446,121406.0660397989
986,2447,217714.78036127627
987,2448,157015.33291547248
988,2449,108038.11427539808
989,2450,160685.10860072568
990,2451,131755.87819151944
991,2452,215680.12451733544
992,2453,63250.180069423135
993,2454,105904.44900552137
994,2455,123290.33907305732
995,2456,138880.35136826942
996,2457,123112.43491072698
997,2458,138384.1003959958
998,2459,106484.73089869054
999,2460,140803.11607604907
1000,2461,103921.82790332286
1001,2462,125647.23656038633
1002,2463,113212.73445068675
1003,2464,178023.98506803808
1004,2465,143739.08611630928
1005,2466,122148.18222409181
1006,2467,163654.325512723
1007,2468,91065.74496484162
1008,2469,96774.32516354776
1009,2470,198015.9842615464
1010,2471,211641.14354198735
1011,2472,193466.49189476512
1012,2473,106702.65827719167
1013,2474,138337.11235826398
1014,2475,219658.44734509502
1015,2476,107955.62010614118
1016,2477,132851.38515991397
1017,2478,170344.949007288
1018,2479,117000.76248483862
1019,2480,162102.02090402148
1020,2481,123748.47021787424
1021,2482,134249.07512521415
1022,2483,104234.53111930369
1023,2484,116004.38933955046
1024,2485,108496.72776260765
1025,2486,155890.19551951415
1026,2487,210084.67532874394
1027,2488,167413.8416240724
1028,2489,173917.96063252634
1029,2490,155980.90122203564
1030,2491,109032.280461963
1031,2492,176375.15775740775
1032,2493,151035.0816966482
1033,2494,175619.75473103003
1034,2495,86448.60546610116
1035,2496,204314.3195185741
1036,2497,155615.41313078348
1037,2498,107812.16454662287
1038,2499,78239.16845369573
1039,2500,129614.68051854012
1040,2501,133262.88363693946
1041,2502,169837.1521589881
1042,2503,130824.48407755523
1043,2504,200571.00246300807
1044,2505,227414.50415740194
1045,2506,248073.82371893464
1046,2507,262174.6540455076
1047,2508,249983.2237456488
1048,2509,222052.97998203448
1049,2510,232842.32205401902
1050,2511,188119.8392344762
1051,2512,209521.73226100544
1052,2513,234833.74779481036
1053,2514,232197.7124080307
1054,2515,156317.5856615694
1055,2516,166171.45322286175
1056,2517,126380.02825075212
1057,2518,148050.5695643677
1058,2519,231019.92958939527
1059,2520,237673.0644197565
1060,2521,203316.40031517783
1061,2522,237785.44273381948
1062,2523,129741.41829335077
1063,2524,136316.348110792
1064,2525,149346.6181269466
1065,2526,137297.8174807996
1066,2527,118217.77839180353
1067,2528,117432.54911449092
1068,2529,132003.49239146072
1069,2530,104200.04807269432
1070,2531,258417.70426003565
1071,2532,238268.96580758665
1072,2533,205283.42244244518
1073,2534,246721.27196076186
1074,2535,296198.1709108254
1075,2536,259198.9211644953
1076,2537,252046.648180896
1077,2538,195851.43209380403
1078,2539,203677.9322917714
1079,2540,182677.36681509129
1080,2541,202616.55530160427
1081,2542,160431.3888486638
1082,2543,136956.91588130352
1083,2544,98987.92990232384
1084,2545,150429.44548045055
1085,2546,137280.51630679716
1086,2547,153050.8735961668
1087,2548,155700.82571357366
1088,2549,150705.21246742154
1089,2550,661003.5023478328
1090,2551,135701.5044142369
1091,2552,109260.65718434396
1092,2553,53951.884444790936
1093,2554,101396.79947441368
1094,2555,126113.99453661559
1095,2556,95914.85210344286
1096,2557,104700.36813072971
1097,2558,173275.3712183263
1098,2559,125641.84877841934
1099,2560,147523.49796677713
1100,2561,143321.58627933415
1101,2562,123236.75396168252
1102,2563,142171.05908738548
1103,2564,176229.81518259368
1104,2565,107770.47850644364
1105,2566,129804.86881153124
1106,2567,125543.16274578858
1107,2568,225540.22275556033
1108,2569,217009.01544700837
1109,2570,131432.04327802488
1110,2571,159130.5300917498
1111,2572,168635.41243051479
1112,2573,236603.5311128117
1113,2574,230176.63477786077
1114,2575,140439.39088366815
1115,2576,140160.11482581365
1116,2577,157911.78500724534
1117,2578,75359.80112153212
1118,2579,23230.998993787594
1119,2580,140496.2674175693
1120,2581,132328.63578615856
1121,2582,140923.02098652816
1122,2583,263201.2079920221
1123,2584,175368.68481985736
1124,2585,196553.27769186668
1125,2586,241929.11659110672
1126,2587,215875.97349053004
1127,2588,138408.70374358923
1128,2589,161192.47891951964
1129,2590,222049.01323539077
1130,2591,192747.47267185381
1131,2592,207252.0621566755
1132,2593,240586.7515097059
1133,2594,170334.06411292736
1134,2595,205065.24676676828
1135,2596,293281.61350330454
1136,2597,193677.14074435562
1137,2598,270442.5255124324
1138,2599,337023.09812944755
1139,2600,164559.38117773726
1140,2601,126640.58636758247
1141,2602,81321.8109313554
1142,2603,82308.01000348262
1143,2604,77084.88485500195
1144,2605,80495.12771920637
1145,2606,151406.15514291057
1146,2607,198446.30901816534
1147,2608,234562.216992327
1148,2609,152944.89438053282
1149,2610,103907.65686955671
1150,2611,165496.08769373718
1151,2612,164049.28137505418
1152,2613,118080.26277803374
1153,2614,120017.55955226716
1154,2615,148047.90080456933
1155,2616,159792.87561183688
1156,2617,202408.77648308128
1157,2618,254889.17473008594
1158,2619,204142.0411052456
1159,2620,178672.41615008
1160,2621,176519.84618987064
1161,2622,175066.90735049293
1162,2623,250740.25579255965
1163,2624,262453.01110166794
1164,2625,272899.9224711163
1165,2626,170142.558664898
1166,2627,162132.66720276984
1167,2628,349699.92144962435
1168,2629,398293.31065068085
1169,2630,300579.50293958274
1170,2631,409392.8445865887
1171,2632,314854.57255292655
1172,2633,281937.48314899177
1173,2634,375965.4097981693
1174,2635,169143.66413567276
1175,2636,192961.16135306266
1176,2637,209550.4054441679
1177,2638,256951.70949017984
1178,2639,191166.90263139433
1179,2640,158755.80892014352
1180,2641,91924.93436475887
1181,2642,200434.303018989
1182,2643,123955.37466333927
1183,2644,135686.0941693904
1184,2645,118956.3085770979
1185,2646,114131.38754490079
1186,2647,124566.1331919859
1187,2648,146162.4883609754
1188,2649,130115.13085465542
1189,2650,129568.92105251702
1190,2651,143028.489200424
1191,2652,351242.4155077451
1192,2653,255395.8562725242
1193,2654,234687.38227577988
1194,2655,369377.97680161137
1195,2656,290150.7892038334
1196,2657,343446.28661545285
1197,2658,260600.1311458302
1198,2659,269013.9784970377
1199,2660,300285.8455598224
1200,2661,349112.95560494554
1201,2662,356474.80370418145
1202,2663,286724.8850118269
1203,2664,292535.49768375384
1204,2665,288647.3082894929
1205,2666,299768.8063604637
1206,2667,189412.47094584687
1207,2668,199632.97429134362
1208,2669,179854.74037062397
1209,2670,268333.3178632476
1210,2671,197530.28589863284
1211,2672,198450.05366985928
1212,2673,214091.5957194334
1213,2674,221251.71614788822
1214,2675,173655.02306368234
1215,2676,206666.86034722032
1216,2677,202693.6177859697
1217,2678,237483.93097947215
1218,2679,271377.1402599952
1219,2680,270821.2527831332
1220,2681,337944.3005118987
1221,2682,293484.7620850557
1222,2683,356420.5703652401
1223,2684,285696.6463355348
1224,2685,285197.790330036
1225,2686,255774.22934903915
1226,2687,296120.39700848534
1227,2688,222843.9262181609
1228,2689,206094.17896825945
1229,2690,358061.13890191214
1230,2691,189745.06778884263
1231,2692,127142.83876014651
1232,2693,203702.6691308852
1233,2694,138909.2311998119
1234,2695,204601.63879514585
1235,2696,195574.59876791426
1236,2697,174511.89440863725
1237,2698,203969.92083453824
1238,2699,193858.0659112839
1239,2700,169166.32485300538
1240,2701,154181.72113305886
1241,2702,118510.42812693221
1242,2703,139670.79879465984
1243,2704,151546.82319168214
1244,2705,118697.67296418105
1245,2706,104874.75722605232
1246,2707,114356.1994593381
1247,2708,131006.35170147283
1248,2709,103421.30751976375
1249,2710,129041.75176539348
1250,2711,300152.4613277908
1251,2712,334182.17976178776
1252,2713,183066.91641982988
1253,2714,164798.49606387463
1254,2715,172753.8361759041
1255,2716,163792.14781872532
1256,2717,195053.87245915647
1257,2718,223611.41195046157
1258,2719,156758.84655614904
1259,2720,180974.35777789663
1260,2721,138078.7861268798
1261,2722,154352.42884871858
1262,2723,164685.30132120394
1263,2724,121211.7177382857
1264,2725,130278.28748621617
1265,2726,141149.32696972776
1266,2727,190425.38131756097
1267,2728,157844.6415486041
1268,2729,146227.5445701016
1269,2730,135508.88477214845
1270,2731,126175.65654148442
1271,2732,108276.04333947427
1272,2733,168239.6385296959
1273,2734,136517.83204853348
1274,2735,138593.87309685885
1275,2736,135166.72806917212
1276,2737,116899.57132231157
1277,2738,144032.29806866302
1278,2739,185104.7342108662
1279,2740,130063.0211601319
1280,2741,138995.45442233334
1281,2742,160263.7217376602
1282,2743,142267.42011569638
1283,2744,170763.05243660335
1284,2745,155261.62106054043
1285,2746,135182.73130287748
1286,2747,128404.27877154041
1287,2748,108608.25466990372
1288,2749,129802.38266402224
1289,2750,118716.45232163815
1290,2751,133666.23119140658
1291,2752,241066.38715709836
1292,2753,162689.64242644882
1293,2754,274887.6215111816
1294,2755,134156.9852967296
1295,2756,78418.02237229739
1296,2757,65582.28489698104
1297,2758,77765.26564106882
1298,2759,157823.30151577375
1299,2760,136593.26040335442
1300,2761,155485.73732377499
1301,2762,154380.78596398135
1302,2763,199369.66098450762
1303,2764,145043.83796351578
1304,2765,253530.31960776358
1305,2766,128535.45798258594
1306,2767,54124.43037255909
1307,2768,122392.6342398866
1308,2769,128032.28429111287
1309,2770,165694.35730414715
1310,2771,107526.38285952505
1311,2772,117853.35418826371
1312,2773,184211.73014840556
1313,2774,134666.37018531136
1314,2775,129223.44490308904
1315,2776,158419.86303296048
1316,2777,169855.4068114926
1317,2778,117126.59865677626
1318,2779,148655.1779896134
1319,2780,111104.39372236076
1320,2781,83232.83751853256
1321,2782,75782.82149822908
1322,2783,77227.53865061529
1323,2784,118928.50050632996
1324,2785,126891.86477156187
1325,2786,46252.80396565824
1326,2787,129306.43617677141
1327,2788,56776.03715566754
1328,2789,192853.32431473417
1329,2790,95955.03680704086
1330,2791,113167.92126048384
1331,2792,84927.98301353994
1332,2793,166695.7664534889
1333,2794,97162.33725786868
1334,2795,112328.81651708641
1335,2796,89980.67977440993
1336,2797,240251.21381948434
1337,2798,100792.4103416997
1338,2799,159915.3171277639
1339,2800,68300.68987930029
1340,2801,121513.30440383608
1341,2802,136656.84855004854
1342,2803,178162.01500093786
1343,2804,134164.34002494672
1344,2805,87269.53431313676
1345,2806,78859.56518375191
1346,2807,154125.80470939906
1347,2808,153843.4414597468
1348,2809,128951.45697297287
1349,2810,129171.2053792535
1350,2811,148716.84304394657
1351,2812,164109.89860587675
1352,2813,171001.52263440174
1353,2814,181200.06786335193
1354,2815,113054.58845254726
1355,2816,239416.46200833053
1356,2817,136702.39103222976
1357,2818,125838.18376954936
1358,2819,177250.25350859304
1359,2820,130384.02163144111
1360,2821,114454.92509239167
1361,2822,200046.3231639498
1362,2823,283863.2000660988
1363,2824,171117.61020392808
1364,2825,136163.47472912748
1365,2826,122824.83873792789
1366,2827,153692.81748064602
1367,2828,237299.51818891644
1368,2829,203927.8995196364
1369,2830,227977.7161831625
1370,2831,198884.66180684188
1371,2832,256265.4212148686
1372,2833,262864.39139652846
1373,2834,218068.2398162323
1374,2835,220419.04082746294
1375,2836,205635.50693850647
1376,2837,182449.9355028976
1377,2838,132900.63737201598
1378,2839,189169.54156995646
1379,2840,195052.58535282378
1380,2841,216592.93800431432
1381,2842,246534.85077926173
1382,2843,148507.43103703333
1383,2844,164232.64533054308
1384,2845,108734.96165124676
1385,2846,218434.0644663033
1386,2847,195024.01799641774
1387,2848,237469.8013826906
1388,2849,212401.62748841447
1389,2850,281321.92122312164
1390,2851,249393.17165172828
1391,2852,231252.64610512325
1392,2853,246036.9398152897
1393,2854,161219.68665531272
1394,2855,223830.45854519977
1395,2856,206156.18917984355
1396,2857,198019.32596126373
1397,2858,218263.65359433397
1398,2859,123104.62917771086
1399,2860,135717.20265045692
1400,2861,148525.57101135812
1401,2862,216047.11411974486
1402,2863,127562.3237941744
1403,2864,242389.81741861888
1404,2865,138074.54901994584
1405,2866,189740.41701199266
1406,2867,74839.08951847587
1407,2868,134450.3301534196
1408,2869,109905.99389953622
1409,2870,148875.78553780925
1410,2871,82711.71509095155
1411,2872,17909.424142501288
1412,2873,91931.754692607
1413,2874,143822.5850157836
1414,2875,141895.84185564268
1415,2876,178963.0467360106
1416,2877,133405.9114711955
1417,2878,161981.5928994202
1418,2879,150789.20856428472
1419,2880,109303.20661658827
1420,2881,169941.38397640866
1421,2882,157098.77160282634
1422,2883,203760.47988922137
1423,2884,194104.71604732613
1424,2885,167576.86874034838
1425,2886,217170.9360683648
1426,2887,97154.44917928067
1427,2888,142764.04033201904
1428,2889,45236.550382007146
1429,2890,60699.00356911367
1430,2891,146244.64024604493
1431,2892,37986.072916279314
1432,2893,138563.11192943633
1433,2894,45007.49278582874
1434,2895,265811.9686071767
1435,2896,258071.64045800408
1436,2897,215218.61391957983
1437,2898,173807.59008795084
1438,2899,216520.59890839993
1439,2900,161423.72146130278
1440,2901,267884.0345369291
1441,2902,209068.27724966238
1442,2903,302915.4646021043
1443,2904,354097.32607134804
1444,2905,67271.89588299328
1445,2906,217735.67105222313
1446,2907,106267.94113944304
1447,2908,122566.20328871
1448,2909,170251.02666487507
1449,2910,59102.2548198228
1450,2911,81285.68226481398
1451,2912,149757.6109415374
1452,2913,85726.52051659084
1453,2914,65440.05437556536
1454,2915,66180.69203966453
1455,2916,85294.26758377736
1456,2917,196196.09434003927
1457,2918,115554.73710850137
1458,2919,232130.18085011278
